,date
0,21 September 2017
1,18 September 2017
2,14 September 2017
3,14 September 2017
4,14 September 2017
5,13 September 2017
6,8 September 2017
7,7 September 2017
8,31 August 2017
9,31 August 2017
10,30 August 2017
11,29 August 2017
12,24 August 2017
13,15 August 2017
14,15 August 2017
15,10 August 2017
16,3 August 2017
17,27 July 2017
18,27 July 2017
19,27 July 2017
20,27 July 2017
21,27 July 2017
22,20 July 2017
23,14 July 2017
24,13 July 2017
25,13 July 2017
26,13 July 2017
27,13 July 2017
28,13 July 2017
29,13 July 2017
30,6 July 2017
31,6 July 2017
32,6 July 2017
33,4 July 2017
34,29 June 2017
35,29 June 2017
36,23 June 2017
37,22 June 2017
38,15 June 2017
39,13 June 2017
40,13 June 2017
41,1 June 2017
42,25 May 2017
43,25 May 2017
44,25 May 2017
45,18 May 2017
46,11 May 2017
47,10 May 2017
48,9 May 2017
49,9 May 2017
50,9 May 2017
51,25 April 2017
52,19 April 2017
53,30 March 2017
54,23 March 2017
55,23 March 2017
56,23 March 2017
57,23 March 2017
58,23 March 2017
59,16 March 2017
60,14 March 2017
61,28 February 2017
62,23 February 2017
63,23 February 2017
64,23 February 2017
65,16 February 2017
66,8 February 2017
67,26 January 2017
68,19 January 2017
69,19 January 2017
70,19 January 2017
71,19 January 2017
72,22 December 2016
73,20 December 2016
74,19 December 2016
75,16 December 2016
76,15 December 2016
77,15 December 2016
78,15 December 2016
79,15 December 2016
80,12 December 2016
81,1 December 2016
82,24 November 2016
83,24 November 2016
84,24 November 2016
85,24 November 2016
86,17 November 2016
87,10 November 2016
88,4 November 2016
89,3 November 2016
90,27 October 2016
91,25 October 2016
92,20 October 2016
93,13 October 2016
94,13 October 2016
95,13 October 2016
96,29 September 2016
97,15 September 2016
98,14 September 2016
99,8 September 2016
100,8 September 2016
101,1 September 2016
102,31 August 2016
103,25 August 2016
104,25 August 2016
105,10 August 2016
106,8 August 2016
107,4 August 2016
108,4 August 2016
109,3 August 2016
110,29 July 2016
111,28 July 2016
112,28 July 2016
113,14 July 2016
114,14 July 2016
115,7 July 2016
116,7 July 2016
117,7 July 2016
118,5 July 2016
119,30 June 2016
120,30 June 2016
121,30 June 2016
122,14 June 2016
123,14 June 2016
124,26 May 2016
125,24 May 2016
126,19 May 2016
127,12 May 2016
128,12 May 2016
129,4 May 2016
130,7 April 2016
131,30 March 2016
132,24 March 2016
133,24 March 2016
134,24 March 2016
135,3 March 2016
136,3 March 2016
137,25 February 2016
138,21 January 2016
139,21 January 2016
140,21 January 2016
141,21 January 2016
142,21 January 2016
143,10 December 2015
144,10 December 2015
145,10 December 2015
146,19 November 2015
147,19 November 2015
148,19 November 2015
149,5 November 2015
150,5 November 2015
151,23 October 2015
152,20 October 2015
153,20 October 2015
154,15 October 2015
155,15 October 2015
156,8 October 2015
157,24 September 2015
158,23 September 2015
159,27 August 2015
160,20 August 2015
161,31 July 2015
162,30 July 2015
163,30 July 2015
164,23 July 2015
165,23 July 2015
166,23 July 2015
167,22 July 2015
168,16 July 2015
169,16 July 2015
170,3 July 2015
171,2 July 2015
172,2 July 2015
173,2 July 2015
174,25 June 2015
175,24 June 2015
176,16 June 2015
177,4 June 2015
178,27 May 2015
179,21 May 2015
180,21 May 2015
181,20 May 2015
182,19 May 2015
183,31 March 2015
184,26 March 2015
185,19 March 2015
186,12 March 2015
187,11 March 2015
188,9 March 2015
189,26 February 2015
190,26 February 2015
191,10 February 2015
192,29 January 2015
193,29 January 2015
194,29 January 2015
195,27 January 2015
196,18 December 2014
197,11 December 2014
198,11 December 2014
199,11 December 2014
200,11 December 2014
201,20 November 2014
202,20 November 2014
203,14 November 2014
204,14 November 2014
205,6 November 2014
206,30 October 2014
207,23 October 2014
208,23 October 2014
209,16 October 2014
210,14 October 2014
211,2 October 2014
212,30 September 2014
213,25 September 2014
214,18 September 2014
215,12 September 2014
216,11 September 2014
217,28 August 2014
218,21 August 2014
219,1 August 2014
220,31 July 2014
221,31 July 2014
222,31 July 2014
223,17 July 2014
224,17 July 2014
225,17 July 2014
226,16 July 2014
227,10 July 2014
228,25 June 2014
229,19 June 2014
230,5 June 2014
231,30 May 2014
232,22 May 2014
233,1 May 2014
234,3 April 2014
235,2 April 2014
236,27 March 2014
237,27 March 2014
238,27 March 2014
239,25 March 2014
240,13 March 2014
241,6 March 2014
242,28 February 2014
243,27 February 2014
244,30 January 2014
245,23 January 2014
246,23 January 2014
247,12 December 2013
248,12 December 2013
249,12 December 2013
250,12 December 2013
251,11 December 2013
252,10 December 2013
253,25 November 2013
254,21 November 2013
255,7 November 2013
256,7 November 2013
257,31 October 2013
258,29 October 2013
259,24 October 2013
260,23 October 2013
261,17 October 2013
262,15 October 2013
263,10 October 2013
264,24 September 2013
265,19 September 2013
266,22 August 2013
267,22 August 2013
268,13 August 2013
269,5 August 2013
270,25 July 2013
271,18 July 2013
272,18 July 2013
273,12 July 2013
274,27 June 2013
275,20 June 2013
276,6 June 2013
277,23 May 2013
278,23 May 2013
279,23 May 2013
280,27 March 2013
281,26 March 2013
282,21 March 2013
283,1 March 2013
284,28 February 2013
285,21 February 2013
286,31 January 2013
287,31 January 2013
288,24 January 2013
289,24 January 2013
290,24 January 2013
291,24 January 2013
292,24 January 2013
293,24 January 2013
294,13 December 2012
295,13 December 2012
296,13 December 2012
297,13 December 2012
298,12 December 2012
299,22 November 2012
300,21 November 2012
301,8 November 2012
302,7 November 2012
303,31 October 2012
304,18 October 2012
305,18 October 2012
306,17 October 2012
307,17 October 2012
308,17 October 2012
309,4 October 2012
310,27 September 2012
311,26 September 2012
312,25 September 2012
313,20 September 2012
314,30 August 2012
315,22 August 2012
316,26 July 2012
317,25 July 2012
318,24 July 2012
319,24 July 2012
320,24 July 2012
321,17 July 2012
322,12 July 2012
323,12 July 2012
324,28 June 2012
325,28 June 2012
326,21 June 2012
327,21 June 2012
328,21 June 2012
329,14 June 2012
330,31 May 2012
331,24 May 2012
332,19 April 2012
333,28 March 2012
334,22 March 2012
335,23 February 2012
336,9 February 2012
337,26 January 2012
338,26 January 2012
339,26 January 2012
340,25 January 2012
341,24 January 2012
342,10 January 2012
343,15 December 2011
344,15 December 2011
345,15 December 2011
346,14 December 2011
347,8 December 2011
348,1 December 2011
349,30 November 2011
350,24 November 2011
351,11 November 2011
352,9 November 2011
353,3 November 2011
354,20 October 2011
355,20 October 2011
356,19 October 2011
357,19 October 2011
358,19 October 2011
359,29 September 2011
360,29 September 2011
361,28 September 2011
362,28 September 2011
363,28 September 2011
364,15 September 2011
365,14 September 2011
366,31 August 2011
367,24 August 2011
368,24 August 2011
369,2 August 2011
370,28 July 2011
371,28 July 2011
372,19 July 2011
373,7 July 2011
374,5 July 2011
375,30 June 2011
376,30 June 2011
377,22 June 2011
378,22 June 2011
379,22 June 2011
380,9 June 2011
381,26 May 2011
382,25 May 2011
383,25 May 2011
384,25 May 2011
385,28 April 2011
386,28 April 2011
387,20 April 2011
388,31 March 2011
389,29 March 2011
390,17 March 2011
391,24 February 2011
392,12 January 2011
393,12 January 2011
394,12 January 2011
395,12 January 2011
396,12 January 2011
397,6 January 2011
398,6 January 2011
399,20 December 2010
400,16 December 2010
401,16 December 2010
402,16 December 2010
403,14 December 2010
404,14 December 2010
405,9 December 2010
406,9 December 2010
407,9 December 2010
408,7 December 2010
409,30 November 2010
410,30 November 2010
411,25 November 2010
412,23 November 2010
413,11 November 2010
414,10 November 2010
415,21 October 2010
416,21 October 2010
417,19 October 2010
418,19 October 2010
419,19 October 2010
420,12 October 2010
421,30 September 2010
422,30 September 2010
423,28 September 2010
424,23 September 2010
425,16 September 2010
426,15 September 2010
427,26 August 2010
428,25 August 2010
429,25 August 2010
430,18 August 2010
431,10 August 2010
432,3 August 2010
433,29 July 2010
434,29 July 2010
435,29 July 2010
436,22 July 2010
437,22 July 2010
438,7 July 2010
439,6 July 2010
440,24 June 2010
441,24 June 2010
442,23 June 2010
443,22 June 2010
444,17 June 2010
445,10 June 2010
446,10 June 2010
447,10 June 2010
448,26 May 2010
449,26 May 2010
450,26 May 2010
451,20 May 2010
452,13 May 2010
453,13 May 2010
